Workbook

Sheet Package Status
A1: Completion Rates
B2: Pass | C2: Fail | D2: Concern | E2: Confirm - Corrected | F2: N/A
A3: System | B3: =COUNTIF('P-ISSM_Checklist'!E5:E76, "pass") -> 0 | C3: =COUNTIF('P-ISSM_Checklist'!E5:E76, "fail") -> 0 | D3: =COUNTIF('P-ISSM_Checklist'!E5:E76, "concern") -> 0 | E3: =COUNTIF('P-ISSM_Checklist'!E5:E76, "confirm - corrected") -> 0 | F3: =COUNTIF('P-ISSM_Checklist'!E5:E76, "n/a") -> 0
A4: Controls | B4: =COUNTIF('P-ISSM_Checklist'!E78:E105, "pass") -> 0 | C4: =COUNTIF('P-ISSM_Checklist'!E78:E105, "fail") -> 0 | D4: =COUNTIF('P-ISSM_Checklist'!E78:E105, "concern") -> 0 | E4: =COUNTIF('P-ISSM_Checklist'!E78:E105, "confirm - corrected") -> 0 | F4: =COUNTIF('P-ISSM_Checklist'!E78:E105, "n/a") -> 0
A5: Assets | B5: =COUNTIF('P-ISSM_Checklist'!E107:E134, "pass") -> 0 | C5: =COUNTIF('P-ISSM_Checklist'!E107:E134, "fail") -> 0 | D5: =COUNTIF('P-ISSM_Checklist'!E107:E134, "concern") -> 0 | E5: =COUNTIF('P-ISSM_Checklist'!E107:E134, "Confirm - Corrected") -> 0 | F5: =COUNTIF('P-ISSM_Checklist'!E107:E134, "n/a") -> 0
A6: POA&Ms | B6: =COUNTIF('P-ISSM_Checklist'!E136:E156, "pass") -> 0 | C6: =COUNTIF('P-ISSM_Checklist'!E136:E156, "fail") -> 0 | D6: =COUNTIF('P-ISSM_Checklist'!E136:E156, "concern") -> 0 | E6: =COUNTIF('P-ISSM_Checklist'!E136:E156, "confirm - corrected") -> 0 | F6: =COUNTIF('P-ISSM_Checklist'!E136:E156, "n/a") -> 0
A7: Artifacts | B7: =COUNTIF('P-ISSM_Checklist'!E158:E171, "pass") -> 0 | C7: =COUNTIF('P-ISSM_Checklist'!E158:E171, "fail") -> 0 | D7: =COUNTIF('P-ISSM_Checklist'!E158:E171, "concern") -> 0 | E7: =COUNTIF('P-ISSM_Checklist'!E158:E171, "confirm - corrected") -> 0 | F7: =COUNTIF('P-ISSM_Checklist'!E158:E171, "n/a") -> 0
A8: Package | B8: =COUNTIF('P-ISSM_Checklist'!E173:E174, "pass") -> 0 | C8: =COUNTIF('P-ISSM_Checklist'!E173:E174, "fail") -> 0 | D8: =COUNTIF('P-ISSM_Checklist'!E173:E174, "concern") -> 0 | E8: =COUNTIF('P-ISSM_Checklist'!E173:E174, "confirm - corrected") -> 0 | F8: =COUNTIF('P-ISSM_Checklist'!E173:E174, "n/a") -> 0
A9: Relationships | B9: =COUNTIF('P-ISSM_Checklist'!E176:E186, "pass") -> 0 | C9: =COUNTIF('P-ISSM_Checklist'!E176:E186, "fail") -> 0 | D9: =COUNTIF('P-ISSM_Checklist'!E176:E186, "concern") -> 0 | E9: =COUNTIF('P-ISSM_Checklist'!E176:E186, "confirm - corrected") -> 0 | F9: =COUNTIF('P-ISSM_Checklist'!E176:E186, "n/a") -> 0
A10: Management | B10: =COUNTIF('P-ISSM_Checklist'!E188:E199, "pass") -> 0 | C10: =COUNTIF('P-ISSM_Checklist'!E188:E199, "fail") -> 0 | D10: =COUNTIF('P-ISSM_Checklist'!E188:E199, "concern") -> 0 | E10: =COUNTIF('P-ISSM_Checklist'!E188:E199, "confirm - corrected") -> 0 | F10: =COUNTIF('P-ISSM_Checklist'!E188:E199, "n/a") -> 0
A11: Total Pass | B11: =B3+B4+B5+B6+B7+B8+B9+B10 -> 0 | C11: =B11/175 -> 0
A12: Total Fail | B12: =C3+C4+C5+C6+C7+C8+C9+C10 -> 0 | C12: =B12/175 -> 0
A13: Total Concern | B13: =D3+D4+D5+D6+D7+D8+D9+D10 -> 0 | C13: =B13/175 -> 0
A14: Confirm - Corrected | B14: =E3+E4+E5+E6+E7+E8+E9+E10 -> 0 | C14: =B14/175 -> 0
A15: Total N/A | B15: =F3+F4+F5+F6+F7+F8+F9+F10 -> 0 | C15: =B15/175 -> 0
A16: Total Complete | B16: =B11+B12+B13+B14+B15 -> 0 | C16: =B16/175 -> 0

Sheet P-ISSM_Checklist
B1: TECTIX SYSTEM ASSESSMENT CHECKLIST & INSTRUCTIONS
B2: Purpose: Provide a checklist with instructions to aid in reviewing system packages (A&A, Assess Only, SP, POAM) in eMASS for discrepancies. Checks considered returnable for rework by TECTIX are identified. Checks also include references for additional guidance on where to make corrections.
A3: Tabs | B3: Requirement | C3: Package Type | D3: Package Review Check | E3: Result | F3: Returnable for Rework? | G3: ISSM Comment | H3: ISSM Recommendation | I3: Status | J3: ISO/PM Evidence & Comments
B4: Details: System Information
A5: =HYPERLINK("#'Chk Instructions-Where to Look'!A2", "System") -> System | B5: eMASS Required Fields | D5: If Assess Only, System 'Mission Criticality' and CIA values adhere to the Assess Only Approval path documented in section 4, figure 2 of the Assess Only TTP? | F5: No-Add to Terms & Conditions
A6: =HYPERLINK("#'Chk Instructions-Where to Look'!A3", "System") -> System | B6: Entrance Criteria | D6: Workflow title has the correct Naming Convention | F6: ISO - On the Spot Correction Suffices
A7: =HYPERLINK("#'Chk Instructions-Where to Look'!A4", "System") -> System | B7: Required Field in eMASS | C7: SP | D7: eMASS 'System Name' matches Data 'Item Name' | F7: ISO - On the Spot Correction Suffices
A8: =HYPERLINK("#'Chk Instructions-Where to Look'!A5","System") -> System | B8: Required Field in eMASS | C8: SP | D8: eMASS 'Acronym' matches Data 'Acronym' | F8: ISO - On the Spot Correction Suffices
A9: =HYPERLINK("#'Chk Instructions-Where to Look'!A6", "System") -> System | B9: Autopopulated by eMASS | C9: SP | D9: Authorization Termination Date' inline with Data | F9: No Further Action Required
A10: =HYPERLINK("#'Chk Instructions-Where to Look'!A7", "System") -> System | B10: Required Field in eMASS | C10: SP | D10: 'National Security System' matches Data and ITS *the Privacy Overlay should be applied if the NSS processes, stores or transmits PII'* | F10: No-Add to Terms & Conditions
A11: =HYPERLINK("#'Chk Instructions-Where to Look'!A8", "System") -> System | B11: Entrance Criteria | C11: SP | D11: National Security System' checklist filled out completely? | F11: No-Add to Terms & Conditions
A12: =HYPERLINK("#'Chk Instructions-Where to Look'!A9", "System") -> System | B12: Entrance Criteria | C12: SP | D12: 'Financial Management System' matches Data 'Account System Feeder' *verify the Financial Management Overlay is applied if 'yes'* | F12: No-Add to Terms & Conditions
A13: =HYPERLINK("#'Chk Instructions-Where to Look'!A10", "System") -> System | B13: Entrance Criteria | C13: SP | D13: If 'Public Facing Component / Presence:' is Yes; does the Auth Boundary identify the public facing component/capability, IP & FQDN provided, Whitelisted and Publicly accessible? | F13: No-Add to Terms & Conditions
A14: =HYPERLINK("#'Chk Instructions-Where to Look'!A11", "System") -> System | B14: Entrance Criteria | C14: SP | D14: Systems contains CUI, PII and/or PHI and matches Data? If System contains CUI, the Confidentiality and Integrity must be MODERATE or HIGH. | F14: ISO - On the Spot Correction Suffices
A15: =HYPERLINK("#'Chk Instructions-Where to Look'!A12", "System") -> System | B15: Required Field in eMASS | C15: SP | D15: 'System Description' matches Data 'Description' (no deviations allowed) | F15: ISO - On the Spot Correction Suffices
A16: =HYPERLINK("#'Chk Instructions-Where to Look'!A13", "System") -> System | B16: Required Field in eMASS | C16: SP | D16: 'Data ID' matches eMASS 'Data' Number | F16: ISO - On the Spot Correction Suffices
A17: =HYPERLINK("#'Chk Instructions-Where to Look'!A14", "System") -> System | B17: Required Field in eMASS | C17: SP | D17: System User Categories' Identify roles, responsibilities and categories for system *confirm if Foreign Nationals are authorized to use the system* | F17: No-Add to Terms & Conditions
A18: =HYPERLINK("#'Chk Instructions-Where to Look'!A15", "System") -> System | B18: Entrance Criteria | C18: SP | D18: Is this a Cloud Computer? Does the Cloud Computer' match the Infrastructure section in Data *confirm correct Cloud Type & Service Model are selected if applicable* | F18: ISO - On the Spot Correction Suffices
A19: =HYPERLINK("#'Chk Instructions-Where to Look'!A16", "System") -> System | B19: Entrance Criteria | C19: SP | D19: Does the commercial cloud system have an Impact Level 4 or 5: Controlled Unclassified Information and Unclassified National Security Information (U-NSI) | F19: Yes
A20: =HYPERLINK("#'Chk Instructions-Where to Look'!A17", "System") -> System | B20: Entrance Criteria | C20: SP | D20: Does the Cloud Service Offering (CSO) have a current PA? Does the CSO have a pending submission for PA? Does the CSO have a FEDRAMP approval? | F20: Yes
A21: =HYPERLINK("#'Chk Instructions-Where to Look'!A18", "System") -> System | B21: Required Field in eMASS | C21: SP | D21: 'PPSM Registry Number' Provided *required for SaaS (all impact levels)* | F21: ISO - On the Spot Correction Suffices
A22: =HYPERLINK("#'Chk Instructions-Where to Look'!A19", "System") -> System | B22: Entrance Criteria | C22: SP | D22: System Authorization Boundary' has an Executive Summary on the System Details tab, the Artifact is Linked or attached, and has a date less than 1 year old. *review Cloud checks if applicable* | F22: Yes
A23: =HYPERLINK("#'Chk Instructions-Where to Look'!A20", "System") -> System | B23: Entrance Criteria | C23: SP | D23: Are the HW & SW Baselines populated? ''Hardware / Software / Firmware' has an Executive Summary on the System Details tab, the Artifact Linked or attached, and has a date less than 1 year old. *template must be used to meet requirement* | F23: Yes
A24: =HYPERLINK("#'Chk Instructions-Where to Look'!A21", "System") -> System | B24: Entrance Criteria | C24: SP | D24: 'System Enterprise and Information Security Architecture' has an Executive Summary on the System Details tab, the Artifact is Linked or attached, and has a date less than 1 year old. | F24: No - Add to Terms & Conditions
A25: =HYPERLINK("#'Chk Instructions-Where to Look'!A22", "System") -> System | B25: Entrance Criteria | C25: SP | D25: 'Information Flows / Paths' has an Executive Summary on the System Details tab, the Artifact is Linked or attached, and has a date less than 1 year old. | F25: No - Add to Terms & Conditions
A26: =HYPERLINK("#'Chk Instructions-Where to Look'!A23", "System") -> System | B26: Cloud Review Check | D26: Is there a clear depiction of the Cloud Service Provider (CSP) / CSO within the Network Topology Diagrams? | F26: Yes
A27: =HYPERLINK("#'Chk Instructions-Where to Look'!A24", "System") -> System | B27: Cloud Review Check | D27: Does the Network Topology Diagrams show connection of the CSP to customers via Cloud Access Point (CAP) for sensitive data (CUI as handled at Impact Levels 4/5 or classified information up to SECRET as handled at Level 6)? NOTE: IL 4/5 - A Boundary CAP (BCAP) is required to connect off-premises non-DoD (commercially or governmentally) owned and operated CSOs to the DISN (or other DoD networks). | F27: Yes
A28: =HYPERLINK("#'Chk Instructions-Where to Look'!A25", "System") -> System | B28: Cloud Review Check | D28: Does the Network Topology Diagrams align with the cloud service model? | F28: Yes
A29: =HYPERLINK("#'Chk Instructions-Where to Look'!A26", "System") -> System | B29: Cloud Review Check | D29: Is there an entry in the DMZ whitelist? | F29: Yes
A30: =HYPERLINK("#'Chk Instructions-Where to Look'!A27", "System") -> System | B30: Required Field in eMASS | C30: SP | D30: 'Network Connection Rules' provided? If yes, artifact such as ISA provided? | F30: ISO - On the Spot Correction Suffices
A31: =HYPERLINK("#'Chk Instructions-Where to Look'!A28", "System") -> System | B31: Required Field in eMASS | C31: SP | D31: Interconnected Information Systems and Identifiers’ provided? If yes, artifact such as ISA provided? NOTE: CSD ISA template is available. | F31: ISO - On the Spot Correction Suffices
A32: =HYPERLINK("#'Chk Instructions-Where to Look'!A29", "System") -> System | B32: Entrance Criteria | C32: SP | D32: Encryption Techniques' provided to protect DAR and DIT [CUI/PII/PH data] | F32: Yes
A33: =HYPERLINK("#'Chk Instructions-Where to Look'!A30", "System") -> System | B33: Required Field in eMASS | C33: SP | D33: 'Cryptographic Key Management Information' (e.g., public key infrastructures, certificate authorities, EKMS, KMI, etc.) | F33: Yes
A34: =HYPERLINK("#'Chk Instructions-Where to Look'!A31", "System") -> System | B34: AMC Entrance Criteria | D34: Does system have a registration in the Authorizing Official Repository (AO-R)? | F34: Yes
B35: System Details: System Location
A36: =HYPERLINK("#'Chk Instructions-Where to Look'!A32", "System") -> System | B36: Required Field in eMASS | C36: SP | D36: System Location' is correct | F36: ISO - On the Spot Correction Suffices
A37: =HYPERLINK("#'Chk Instructions-Where to Look'!A33", "System") -> System | B37: Required Field in eMASS | D37: 'Deployment Locations' Provided | F37: ISO - On the Spot Correction Suffices
A38: =HYPERLINK("#'Chk Instructions-Where to Look'!A34", "System") -> System | B38: Not a Required Field in eMASS | D38: Baseline Location' Provided | F38: ISO - On the Spot Correction Suffices
A39: =HYPERLINK("#'Chk Instructions-Where to Look'!A35", "System") -> System | B39: Required Field in eMASS | C39: SP | D39: Physical Location(s)' Provided | F39: ISO - On the Spot Correction Suffices
B40: System Details: Authorization Information
A41: =HYPERLINK("#'Chk Instructions-Where to Look'!A36", "System") -> System | B41: Entrance Criteria | D41: Approved SP obtained within one year' | F41: Yes
A42: =HYPERLINK("#'Chk Instructions-Where to Look'!A37", "System") -> System | B42: Required Field in eMASS | C42: SP | D42: 'System Life Cycle / Acquisition Phase' Provided | F42: ISO - On the Spot Correction Suffices
A43: =HYPERLINK("#'Chk Instructions-Where to Look'!A38", "System") -> System | B43: Required Field in eMASS | D43: 'Type Authorization' is Yes *requires technical artifacts for all locations & signed TSP/MOA/MOU/SLA documenting gaining unit's responsibilities* | F43: No-Add to Terms & Conditions
A44: =HYPERLINK("#'Chk Instructions-Where to Look'!A39", "System") -> System | B44: Required Field in eMASS | D44: Highest System Data Classification | F44: ISO - On the Spot Correction Suffices
A45: =HYPERLINK("#'Chk Instructions-Where to Look'!A40", "System") -> System | B45: Required Field in eMASS | D45: 'RMF Activity' identifies current RMF phase | F45: ISO - On the Spot Correction Suffices
B46: System Details: FISMA
A47: =HYPERLINK("#'Chk Instructions-Where to Look'!A41", "System") -> System | B47: Required Field in eMASS | C47: SP | D47: Security Review field(s) answered | F47: ISO - On the Spot Correction Suffices
A48: =HYPERLINK("#'Chk Instructions-Where to Look'!A42", "System") -> System | B48: Required Field in eMASS | C48: SP | D48: Contingency Plan field(s) answered Is there a Contingency Plan in place for this system that addresses disruptions in operations? Contingency Plan Artifact attached? Has this system's Contingency Plan been tested within the past year? Date this system's Contingency Plan was tested. | F48: ISO - On the Spot Correction Suffices
A49: =HYPERLINK("#'Chk Instructions-Where to Look'!A43", "System") -> System | B49: Required Field in eMASS | C49: SP | D49: Incident Response Plan field(s) answered Incident Response Plan Required = Yes or No If Yes, Incident Response Test Date *within 1 year Incident Response Plan Artifact Attached Yes or No | F49: ISO - On the Spot Correction Suffices
A50: =HYPERLINK("#'Chk Instructions-Where to Look'!A44", "System") -> System | B50: Required Field in eMASS | C50: SP | D50: Disaster Recover Plan field(s) answered Disaster Recovery Plan Required = Yes or No If Yes, Disaster Recovery Test Date *within 1 year Disaster Recovery Plan Artifact Attached Yes or No | F50: ISO - On the Spot Correction Suffices
A51: =HYPERLINK("#'Chk Instructions-Where to Look'!A45", "System") -> System | B51: Required Field in eMASS | C51: SP | D51: Privacy Impact Assessment field(s) answered Privacy Impact Assessment Required = Yes or No If Yes, Privacy Impact Assessment = Completed/In Progress/Not Started If Yes, Privacy Impact Assessment Date = within 3 years If Yes, Privacy Impact Assessment Artifact Attached? | F51: ISO - On the Spot Correction Suffices
A52: =HYPERLINK("#'Chk Instructions-Where to Look'!A46", "System") -> System | B52: Required Field in eMASS | C52: SP | D52: Privacy Act System of Record Notice field answered | F52: ISO - On the Spot Correction Suffices
A53: =HYPERLINK("#'Chk Instructions-Where to Look'!A47", "System") -> System | B53: Required Field in eMASS | C53: SP | D53: E-Authentication Risk Assessment field(s) answered | F53: ISO - On the Spot Correction Suffices
B54: System Details: Business
A55: =HYPERLINK("#'Chk Instructions-Where to Look'!A48", "System") -> System | B55: Required Field in eMASS | C55: SP | D55: 'Mission Criticality' matches Data *If Assess Only, System ‘Mission Criticality’ allows for Assess Only* | F55: ISO - On the Spot Correction Suffices
A56: =HYPERLINK("#'Chk Instructions-Where to Look'!A49", "System") -> System | B56: Required Field in eMASS | C56: SP | D56: 'Governing Mission Area' matches Data 'System Mission Area' | F56: ISO - On the Spot Correction Suffices
A57: =HYPERLINK("#'Chk Instructions-Where to Look'!A50", "System") -> System | B57: Required Field in eMASS | D57: 'Acquisition Category' matches Data | F57: ISO - On the Spot Correction Suffices
A58: =HYPERLINK("#'Chk Instructions-Where to Look'!A51", "System") -> System | B58: Required Field in eMASS | C58: SP | D58: 'Software Category' matches Data *Assess Only* | F58: ISO - On the Spot Correction Suffices
A59: =HYPERLINK("#'Chk Instructions-Where to Look'!A52", "System") -> System | B59: Required Field in eMASS | D59: 'System Ownership / Controlled' matches Data 'System Operation' | F59: ISO - On the Spot Correction Suffices
B60: System Details: External Security Services
A61: =HYPERLINK("#'Chk Instructions-Where to Look'!A53", "System") -> System | B61: Required Field in eMASS | C61: SP | D61: All External Security Services (ESS) Fields Addressed | F61: ISO - On the Spot Correction Suffices
B62: System Details: Connectivity/CCSD
A63: =HYPERLINK("#'Chk Instructions-Where to Look'!A54", "System") -> System | B63: Not a Required Field in eMASS | C63: SP | D63: Connection point(s) details provided if applicable [Connectivity/CCSD]. | F63: Yes
B64: System Details: /I
A65: =HYPERLINK("#'Chk Instructions-Where to Look'!A55", "System") -> System | B65: Not a Required Field in eMASS | D65: All /I Fields Addressed (only applies if the Org owns the circuit/CCSD) | F65: ISO - On the Spot Correction Suffices
B66: Categorization: Control Selection
A67: =HYPERLINK("#'Chk Instructions-Where to Look'!A56", "System") -> System | B67: AMC Entrance Criteria | C67: SP | D67: 'Applied Information Types' matches Information Type Evidence Artifact | F67: ISO - On the Spot Correction Suffices
A68: =HYPERLINK("#'Chk Instructions-Where to Look'!A57", "System") -> System | B68: Required Field in eMASS | C68: SP | D68: 'Control Attributes' matches Information Type Evidence Artifact | F68: ISO - On the Spot Correction Suffices
A69: =HYPERLINK("#'Chk Instructions-Where to Look'!A58", "System") -> System | B69: Required Field in eMASS | C69: SP | D69: 'Impact Level' Identified | F69: ISO - On the Spot Correction Suffices
A70: =HYPERLINK("#'Chk Instructions-Where to Look'!A59", "System") -> System | B70: AMC Entrance Criteria | C70: SP | D70: 'Information Type Evidence' Artifact Linked | F70: ISO - On the Spot Correction Suffices
B71: Categorization: Overlays
A72: =HYPERLINK("#'Chk Instructions-Where to Look'!A60", "System") -> System | B72: AMC Entrance Criteria | C72: SP | D72: Are any Overlays applied to the system and have all Overlay questions been answered? | F72: ISO - On the Spot Correction Suffices
A73: =HYPERLINK("#'Chk Instructions-Where to Look'!A61", "System") -> System | B73: AMC Entrance Criteria | C73: SP | D73: Were controls added or subtracted due to an overlay or manual tailoring? | F73: ISO - On the Spot Correction Suffices
B74: Categorization: Security Technical Implementation Guides
A75: =HYPERLINK("#'Chk Instructions-Where to Look'!A62", "System") -> System | B75: Entrance Criteria | C75: SP | D75: Have 'STIGS/SRGs' been identified for all security relevant Hardware, Software and functions as validated against, HW/SW List and Module, Diagrams, ACAS Scans & Other relevant system information? | F75: Yes
A76: =HYPERLINK("#'Chk Instructions-Where to Look'!A63", "System") -> System | B76: Entrance Criteria | C76: SP | D76: Recommended Added Controls are addressed? Add Recommended controls should = 0. If not, this will result in a Return for Rework. | F76: Yes
B77: Control Listing
A78: =HYPERLINK("#'Chk Instructions-Where to Look'!A64", "Controls") -> Controls | B78: AMC Entrance Criteria | D78: Does system have any significant changes since last Authorization
A79: =HYPERLINK("#'Chk Instructions-Where to Look'!A65", "Controls") -> Controls | B79: AMC Entrance Criteria | D79: Assessed 'Non Compliant' and 'Not Applicable' controls without an active POA&M Item = 0 and verify that all failed checks have a POA&M | F79: Yes
A80: =HYPERLINK("#'Chk Instructions-Where to Look'!A66", "Controls") -> Controls | B80: Entrance Criteria | C80: SP | D80: All 14 Critical Controls are in the system Baseline? Unassessed Red Critical & FISMA Controls? All Red Critical & FISMA controls/APs/CCIs have test results in eMASS that are less than 1 yr old? | F80: Yes
A81: =HYPERLINK("#'Chk Instructions-Where to Look'!A67", "Controls") -> Controls | B81: Entrance Criteria | C81: SP | D81: All Controls/APs/CCIs 1. have been assessed and 2. have a current Test Result in eMASS that are less than 1 yr old? Controls cannot have a status of incomplete or Unassessed (UA). *Existing or Expired ATO only* | F81: Yes
A82: =HYPERLINK("#'Chk Instructions-Where to Look'!A68", "Controls") -> Controls | B82: Entrance Criteria | D82: All controls have a status of Official or Validated? Exception with those with traceability through a POA&M & Excluding Inherited controls | F82: No - Add to Terms & Conditions
A83: =HYPERLINK("#'Chk Instructions-Where to Look'!A69", "Controls") -> Controls | B83: AMC Entrance Criteria | C83: SP | D83: Are any Non-Compliant package controls flagged as Critical (Red Diamond)? If yes, was detailed review and assessment of the effectiveness of mitigations completed? | F83: Yes
A84: =HYPERLINK("#'Chk Instructions-Where to Look'!A70", "Controls") -> Controls | B84: Required Field in eMASS | C84: SP | D84: Not Applicable’ CCI’s have valid justification for status. | F84: Yes
A85: =HYPERLINK("#'Chk Instructions-Where to Look'!A71", "Controls") -> Controls | B85: Required Field in eMASS | C85: SP | D85: SLCM [ConMon] strategy [for all Controls including Red Critical and FISMA controls], correlation and analysis activities, and response actions are documented and associated to CA-7. | F85: Yes
A86: =HYPERLINK("#'Chk Instructions-Where to Look'!A72", "Controls") -> Controls | B86: Entrance Criteria | C86: SP | D86: Incident Response Plan provided as an artifact for IR-8 and evidence of most recent IR Test provided in IR-3. | F86: Yes
A87: =HYPERLINK("#'Chk Instructions-Where to Look'!A73", "Controls") -> Controls | B87: Entrance Criteria | C87: SP | D87: For Assess Only packages where there is scannable Hardware and Software is RA-5 in the baseline? | F87: Yes
A88: =HYPERLINK("#'Chk Instructions-Where to Look'!A74", "Controls") -> Controls | B88: Entrance Criteria | C88: SP | D88: For Assess Only packages where CSSP inheritance cannot be established and no CSSP artifact is present, have the following controls been addressed (cannot be N/A)? AC-2.9, AC-2.18 , SA-5.10, SA-11.4, SA-11.8, SC-5.1, SI-2.2, SI-2.4 | F88: Yes
B89: Implementation Plan
A90: =HYPERLINK("#'Chk Instructions-Where to Look'!A75", "Controls") -> Controls | B90: AMC Entrance Criteria | C90: SP | D90: 'Compliant' Controls have 'Implemented' or 'Inherited' Implementation Status | F90: Yes
A91: =HYPERLINK("#'Chk Instructions-Where to Look'!A76", "Controls") -> Controls | B91: AMC Entrance Criteria | C91: SP | D91: 'Non-Compliant' Controls have 'Planned' or 'Not Implemented" Implementation Status | F91: Yes
A92: =HYPERLINK("#'Chk Instructions-Where to Look'!A77", "Controls") -> Controls | B92: AMC Entrance Criteria | C92: SP | D92: 'Not Applicable' Controls have 'Not Applicable' or 'Inherited' Implementation Status | F92: Yes
A93: =HYPERLINK("#'Chk Instructions-Where to Look'!A78", "Controls") -> Controls | B93: AMC Entrance Criteria | C93: SP | D93: Estimated Completion Date' (ECD) is in the future for Control's with a 'Planned' Implementation Status; ECD is current or is in the past for Controls with an 'Implemented' Implementation Status; ECD is 'blank' for Controls with a 'Not Applicable' Implementation Status. | F93: Yes
A94: =HYPERLINK("#'Chk Instructions-Where to Look'!A79", "Controls") -> Controls | B94: AMC Entrance Criteria | C94: SP | D94: Common Control Provider identified for fully inherited and hybrid inherited controls & correct Security Control Designation listed? | F94: No - Add to Terms & Conditions
A95: =HYPERLINK("#'Chk Instructions-Where to Look'!A80", "Controls") -> Controls | B95: AMC Entrance Criteria | C95: SP | D95: Is the Implementation Narrative present? | F95: No - Add to Terms & Conditions
A96: =HYPERLINK("#'Chk Instructions-Where to Look'!A81", "Controls") -> Controls | B96: AMC Entrance Criteria | C96: SP | D96: Are Responsible Entities identified? | F96: No - Add to Terms & Conditions
B97: Risk Assessment
A98: =HYPERLINK("#'Chk Instructions-Where to Look'!A82", "Controls") -> Controls | B98: AMC Entrance Criteria | C98: SP | D98: Completed Risk Assessment | F98: Yes
A99: =HYPERLINK("#'Chk Instructions-Where to Look'!A83", "Controls") -> Controls | B99: Entrance Criteria | C99: SP | D99: Specific controls that are Not Compliant have a Risk Assessment Summary entry | F99: Yes
A100: =HYPERLINK("#'Chk Instructions-Where to Look'!A84", "Controls") -> Controls | B100: AMC Entrance Criteria | C100: SP | D100: Non-Compliant' Controls: Vulnerability Summary, Impact Description, and Recommendations have a response | F100: ISO - On the Spot Correction Suffices
...

Sheet ISSM Responses
A1: Fixed
A2: POA&M

Sheet Responses
A1: Pass | B1: 30 Day Check | C1: No | D1: Corrections Required
A2: Fail | B2: 60 Day Check | C2: yes | D2: No Further Action Required
A3: Concern | B3: 90 Day Check | C3: Maybe
A4: N/A | B4: 120 Day Check
A5: Confirm - Corrected | B5: 150 Day Check
A6: Previously Corrected | B6: 180 Day Check
A7: Not Yet Assessed | B7: 210 Day Check
